,Job Title,Company Name,City,State,Date Posted,"Day of Week, Day and Month",Year
0,Senior Python Developer,"Payne, Roberts and Davis",Stewartbury,AA,2021-04-08,"Thursday, 08April",2021
1,Energy engineer,Vasquez-Davidson,Christopherville,AA,2021-04-08,"Thursday, 08April",2021
2,Legal executive,"Jackson, Chambers and Levy",Port Ericaburgh,AA,2021-04-08,"Thursday, 08April",2021
3,Fitness centre manager,Savage-Bradley,East Seanview,AP,2021-04-08,"Thursday, 08April",2021
4,Product manager,Ramirez Inc,North Jamieview,AP,2021-04-08,"Thursday, 08April",2021
5,Medical technical officer,Rogers-Yates,Davidville,AP,2021-04-08,"Thursday, 08April",2021
6,Physiological scientist,Kramer-Klein,South Christopher,AE,2021-04-08,"Thursday, 08April",2021
7,Textile designer,Meyers-Johnson,Port Jonathan,AE,2021-04-08,"Thursday, 08April",2021
8,Television floor manager,Hughes-Williams,Osbornetown,AE,2021-04-08,"Thursday, 08April",2021
9,Waste management officer,"Jones, Williams and Villa",Scotttown,AP,2021-04-08,"Thursday, 08April",2021
10,Software Engineer (Python),Garcia PLC,Ericberg,AE,2021-04-08,"Thursday, 08April",2021
11,Interpreter,Gregory and Sons,Ramireztown,AE,2021-04-08,"Thursday, 08April",2021
12,Architect,"Clark, Garcia and Sosa",Figueroaview,AA,2021-04-08,"Thursday, 08April",2021
13,Meteorologist,Bush PLC,Kelseystad,AA,2021-04-08,"Thursday, 08April",2021
14,Audiological scientist,Salazar-Meyers,Williamsburgh,AE,2021-04-08,"Thursday, 08April",2021
15,English as a second language teacher,"Parker, Murphy and Brooks",Mitchellburgh,AE,2021-04-08,"Thursday, 08April",2021
16,Surgeon,Cruz-Brown,West Jessicabury,AA,2021-04-08,"Thursday, 08April",2021
17,Equities trader,Macdonald-Ferguson,Maloneshire,AE,2021-04-08,"Thursday, 08April",2021
18,Newspaper journalist,"Williams, Peterson and Rojas",Johnsonton,AA,2021-04-08,"Thursday, 08April",2021
19,Materials engineer,Smith and Sons,South Davidtown,AP,2021-04-08,"Thursday, 08April",2021
20,Python Programmer (Entry-Level),"Moss, Duncan and Allen",Port Sara,AE,2021-04-08,"Thursday, 08April",2021
21,Product/process development scientist,Gomez-Carroll,Marktown,AA,2021-04-08,"Thursday, 08April",2021
22,"Scientist, research (maths)","Manning, Welch and Herring",Laurenland,AE,2021-04-08,"Thursday, 08April",2021
23,Ecologist,"Lee, Gutierrez and Brown",Lauraton,AP,2021-04-08,"Thursday, 08April",2021
24,Materials engineer,"Davis, Serrano and Cook",South Tammyberg,AP,2021-04-08,"Thursday, 08April",2021
25,Historic buildings inspector/conservation officer,Smith LLC,North Brandonville,AP,2021-04-08,"Thursday, 08April",2021
26,Data scientist,Thomas Group,Port Robertfurt,AA,2021-04-08,"Thursday, 08April",2021
27,Psychiatrist,Silva-King,Burnettbury,AE,2021-04-08,"Thursday, 08April",2021
28,Structural engineer,Pierce-Long,Herbertside,AA,2021-04-08,"Thursday, 08April",2021
29,Immigration officer,Walker-Simpson,Christopherport,AP,2021-04-08,"Thursday, 08April",2021
30,Python Programmer (Entry-Level),Cooper and Sons,West Victor,AE,2021-04-08,"Thursday, 08April",2021
31,Neurosurgeon,"Donovan, Gonzalez and Figueroa",Port Aaron,AP,2021-04-08,"Thursday, 08April",2021
32,Broadcast engineer,"Morgan, Butler and Bennett",Loribury,AA,2021-04-08,"Thursday, 08April",2021
33,Make,Snyder-Lee,Angelastad,AP,2021-04-08,"Thursday, 08April",2021
34,"Nurse, adult",Harris PLC,Larrytown,AE,2021-04-08,"Thursday, 08April",2021
35,Air broker,Washington PLC,West Colin,AP,2021-04-08,"Thursday, 08April",2021
36,"Editor, film/video","Brown, Price and Campbell",West Stephanie,AP,2021-04-08,"Thursday, 08April",2021
37,"Production assistant, radio",Mcgee PLC,Laurentown,AP,2021-04-08,"Thursday, 08April",2021
38,"Engineer, communications",Dixon Inc,Wrightberg,AP,2021-04-08,"Thursday, 08April",2021
39,Sales executive,"Thompson, Sheppard and Ward",Alberttown,AE,2021-04-08,"Thursday, 08April",2021
40,Software Developer (Python),Adams-Brewer,Brockburgh,AE,2021-04-08,"Thursday, 08April",2021
41,Futures trader,Schneider-Brady,North Jason,AE,2021-04-08,"Thursday, 08April",2021
42,Tour manager,Gonzales-Frank,Arnoldhaven,AE,2021-04-08,"Thursday, 08April",2021
43,Cytogeneticist,Smith-Wong,Lake Destiny,AP,2021-04-08,"Thursday, 08April",2021
44,"Designer, multimedia",Pierce-Herrera,South Timothyburgh,AP,2021-04-08,"Thursday, 08April",2021
45,Trade union research officer,"Aguilar, Rivera and Quinn",New Jimmyton,AE,2021-04-08,"Thursday, 08April",2021
46,"Chemist, analytical","Lowe, Barnes and Thomas",New Lucasbury,AP,2021-04-08,"Thursday, 08April",2021
47,"Programmer, multimedia","Lewis, Gonzalez and Vasquez",Port Cory,AE,2021-04-08,"Thursday, 08April",2021
48,"Engineer, broadcasting (operations)",Taylor PLC,Gileston,AA,2021-04-08,"Thursday, 08April",2021
49,"Teacher, primary school","Oliver, Jones and Ramirez",Cindyshire,AA,2021-04-08,"Thursday, 08April",2021
50,Python Developer,Rivera and Sons,East Michaelfort,AA,2021-04-08,"Thursday, 08April",2021
51,Manufacturing systems engineer,Garcia PLC,Joybury,AE,2021-04-08,"Thursday, 08April",2021
52,"Producer, television/film/video","Johnson, Wells and Kramer",Emmatown,AE,2021-04-08,"Thursday, 08April",2021
53,"Scientist, forensic",Gonzalez LLC,Colehaven,AP,2021-04-08,"Thursday, 08April",2021
54,Bonds trader,"Morgan, White and Macdonald",Port Coryton,AE,2021-04-08,"Thursday, 08April",2021
55,Editorial assistant,Robinson-Fitzpatrick,Amyborough,AA,2021-04-08,"Thursday, 08April",2021
56,Photographer,"Waters, Wilson and Hoover",Reynoldsville,AA,2021-04-08,"Thursday, 08April",2021
57,Retail banker,Hill LLC,Port Billy,AP,2021-04-08,"Thursday, 08April",2021
58,Jewellery designer,Li-Gregory,Adamburgh,AA,2021-04-08,"Thursday, 08April",2021
59,Ophthalmologist,"Fisher, Ryan and Coleman",Wilsonmouth,AA,2021-04-08,"Thursday, 08April",2021
60,"Back-End Web Developer (Python, Django)",Stewart-Alexander,South Kimberly,AA,2021-04-08,"Thursday, 08April",2021
61,Licensed conveyancer,Abbott and Sons,Benjaminland,AP,2021-04-08,"Thursday, 08April",2021
62,Futures trader,"Bryant, Santana and Davenport",Zacharyport,AA,2021-04-08,"Thursday, 08April",2021
63,Counselling psychologist,Smith PLC,Port Devonville,AE,2021-04-08,"Thursday, 08April",2021
64,Insurance underwriter,Patterson-Singh,East Thomas,AE,2021-04-08,"Thursday, 08April",2021
65,"Engineer, automotive",Martinez-Berry,New Jeffrey,AP,2021-04-08,"Thursday, 08April",2021
66,"Producer, radio","May, Taylor and Fisher",Davidside,AA,2021-04-08,"Thursday, 08April",2021
67,Dispensing optician,"Bailey, Owen and Thompson",Jamesville,AA,2021-04-08,"Thursday, 08April",2021
68,"Designer, fashion/clothing",Vasquez Ltd,New Kelly,AP,2021-04-08,"Thursday, 08April",2021
69,Chartered loss adjuster,Leblanc LLC,Lake Antonio,AA,2021-04-08,"Thursday, 08April",2021
70,"Back-End Web Developer (Python, Django)","Jackson, Ali and Mckee",New Elizabethside,AA,2021-04-08,"Thursday, 08April",2021
71,Forest/woodland manager,"Blankenship, Knight and Powell",Millsbury,AE,2021-04-08,"Thursday, 08April",2021
72,Clinical cytogeneticist,"Patton, Haynes and Jones",Lloydton,AP,2021-04-08,"Thursday, 08April",2021
73,Print production planner,Wood Inc,Port Jeremy,AA,2021-04-08,"Thursday, 08April",2021
74,Systems developer,Collins Group,New Elizabethtown,AA,2021-04-08,"Thursday, 08April",2021
75,Graphic designer,Flores-Nelson,Charlesstad,AE,2021-04-08,"Thursday, 08April",2021
76,Writer,"Mitchell, Jones and Olson",Josephbury,AE,2021-04-08,"Thursday, 08April",2021
77,Field seismologist,Howard Group,Seanfurt,AA,2021-04-08,"Thursday, 08April",2021
78,Chief Strategy Officer,Kramer-Edwards,Williambury,AA,2021-04-08,"Thursday, 08April",2021
79,Air cabin crew,Berry-Houston,South Jorgeside,AP,2021-04-08,"Thursday, 08April",2021
80,Python Programmer (Entry-Level),Mathews Inc,Robertborough,AP,2021-04-08,"Thursday, 08April",2021
81,Warden/ranger,Riley-Johnson,South Saratown,AP,2021-04-08,"Thursday, 08April",2021
82,Sports therapist,Spencer and Sons,Hullview,AA,2021-04-08,"Thursday, 08April",2021
83,Arts development officer,Camacho-Sanchez,Philipland,AP,2021-04-08,"Thursday, 08April",2021
84,Printmaker,Oliver and Sons,North Patty,AE,2021-04-08,"Thursday, 08April",2021
85,Health and safety adviser,Eaton PLC,North Stephen,AE,2021-04-08,"Thursday, 08April",2021
86,Manufacturing systems engineer,Stanley-Frederick,Stevensland,AP,2021-04-08,"Thursday, 08April",2021
87,"Programmer, applications",Bradley LLC,Reyesstad,AE,2021-04-08,"Thursday, 08April",2021
88,Medical physicist,"Parker, Goodwin and Zavala",Bellberg,AP,2021-04-08,"Thursday, 08April",2021
89,Media planner,Kim-Miles,North Johnland,AE,2021-04-08,"Thursday, 08April",2021
90,Software Developer (Python),Moreno-Rodriguez,Martinezburgh,AE,2021-04-08,"Thursday, 08April",2021
91,"Surveyor, land/geomatics",Brown-Ortiz,Joshuatown,AE,2021-04-08,"Thursday, 08April",2021
92,Legal executive,Hartman PLC,West Ericstad,AA,2021-04-08,"Thursday, 08April",2021
93,"Librarian, academic",Brooks Inc,Tuckertown,AE,2021-04-08,"Thursday, 08April",2021
94,Barrister,Washington-Castillo,Perezton,AE,2021-04-08,"Thursday, 08April",2021
95,Museum/gallery exhibitions officer,"Nguyen, Yoder and Petty",Lake Abigail,AE,2021-04-08,"Thursday, 08April",2021
96,"Radiographer, diagnostic",Holder LLC,Jacobshire,AP,2021-04-08,"Thursday, 08April",2021
97,Database administrator,Yates-Ferguson,Port Susan,AE,2021-04-08,"Thursday, 08April",2021
98,Furniture designer,Ortega-Lawrence,North Tiffany,AA,2021-04-08,"Thursday, 08April",2021
99,Ship broker,"Fuentes, Walls and Castro",Michelleville,AP,2021-04-08,"Thursday, 08April",2021
